"ResellerKey","Phone","BusinessType","ResellerName","NumberEmployees","AddressLine1","AddressLine2","City","StateProvinceName","CountryRegionCode","CountryRegionName","PostalCode","YearOpened"
"1","245-555-0173","Value Added Reseller","A Bike Store","2","2251 Elliot Avenue","","Seattle","Washington","US","United States","98104","1970"
"2","170-555-0127","Specialty Bike Shop","Progressive Sports","10","3207 S Grady Way","","Renton","Washington","US","United States","98055","1972"
"3","279-555-0130","Warehouse","Advanced Bike Components","40","12345 Sterling Avenue","","Irving","Texas","US","United States","75061","1974"
"4","710-555-0173","Value Added Reseller","Modular Cycle Systems","5","800 Interchange Blvd.","Suite 2501","Austin","Texas","US","United States","78701","1976"
"5","828-555-0186","Specialty Bike Shop","Metropolitan Sports Supply","13","482505 Warm Springs Blvd.","","Fremont","California","US","United States","94536","1978"
"6","244-555-0112","Warehouse","Aerobic Exercise Company","43","39933 Mission Oaks Blvd","","Camarillo","California","US","United States","93010","1980"
"7","192-555-0173","Value Added Reseller","Associated Bikes","8","5420 West 22500 South","","Salt Lake City","Utah","US","United States","84101","1982"
"8","872-555-0171","Specialty Bike Shop","Exemplary Cycles","16","79945 Corporate Center Drive","","Miami","Florida","US","United States","33127","1984"
"9","488-555-0130","Warehouse","Tandem Bicycle Store","46","3333 Micro Drive","","Millington","Tennessee","US","United States","38054","1986"
"10","150-555-0127","Value Added Reseller","Rural Cycle Emporium","11","6388 Lake City Way","","Burnaby","British Columbia","CA","Canada","V5A 3A6","1988"
"11","926-555-0159","Specialty Bike Shop","Sharp Bikes","19","52560 Free Street","","Toronto","Ontario","CA","Canada","M4B 1V7","1990"
"12","112-555-0191","Warehouse","Bikes and Motorbikes","49","22580 Free Street","","Toronto","Ontario","CA","Canada","M4B 1V7","1992"
"13","1 (11) 500 555-0127","Value Added Reseller","Country Parts Shop","14","7033, rue de Longchamp","","Les Ulis","Essonne","FR","France","91940","1994"
"14","1 (11) 500 555-0167","Specialty Bike Shop","Bicycle Warehouse Inc.","22","Karl Liebknecht str 299","","Frankfurt am Main","Saarland","DE","Germany","60075","1996"
"15","1 (11) 500 555-0140","Warehouse","Budget Toy Store","52","25 Epping Road","","Lavender Bay","New South Wales","AU","Australia","2060","1998"
"16","1 (11) 500 555-0132","Value Added Reseller","Bulk Discount Store","17","93-2501, Blackfriars Road,","","London","England","GB","United Kingdom","SE1 8HL","2000"
"17","497-555-0147","Specialty Bike Shop","Trusted Catalog Store","25","9920 Picketts Line Road","","Newport News","Virginia","US","United States","23607","2001"
"18","440-555-0132","Warehouse","Catalog Store","55","855 East Main Avenue","","Zeeland","Michigan","US","United States","49464","1999"
"19","521-555-0195","Value Added Reseller","Center Cycle Shop","20","99300 223rd Southeast","","Bothell","Washington","US","United States","98011","2000"
"20","582-555-0113","Specialty Bike Shop","Central Discount Store","28","259826 Russell Rd. South","","Kent","Washington","US","United States","98031","1971"
"21","928-555-0116","Warehouse","Chic Department Stores","58","90025 Sterling St","","Irving","Texas","US","United States","75061","1999"
"22","121-555-0121","Value Added Reseller","Travel Systems","19","2505 Gateway Drive","","North Sioux City","South Dakota","US","United States","57049","1975"
"23","216-555-0122","Specialty Bike Shop","Bike World","31","60025 Bollinger Canyon Road","","San Ramon","California","US","United States","94583","1998"
"24","926-555-0164","Warehouse","Eastside Department Store","61","9992 Whipple Rd","","Union City","California","US","United States","94587","1979"
"25","357-555-0161","Value Added Reseller","Coalition Bike Company","18","Corporate Office","","El Segundo","California","US","United States","90245","1997"
"26","418-555-0115","Specialty Bike Shop","Stylish Department Stores","34","1 Corporate Center Drive","","Miami","Florida","US","United States","33127","1983"
"27","284-555-0185","Warehouse","Sports Sales and Rental","64","100 Fifth Drive","","Millington","Tennessee","US","United States","38054","1996"
"28","972-555-0163","Value Added Reseller","Commuter Bicycle Store","17","2575 Bloor Street East","","Toronto","Ontario","CA","Canada","M4B 1V6","1987"
"29","344-555-0144","Specialty Bike Shop","Cross-Country Riding Supplies","37","Station E","","Chalk Riber","Ontario","CA","Canada","K0J 1J0","1995"
"30","783-555-0110","Warehouse","Cycle Merchants","67","575 Rue St Amable","","Quebec","Quebec","CA","Canada","G1R","1991"
"31","1 (11) 500 555-0198","Value Added Reseller","Wheels Inc.","16","21105, rue de Varenne","","Paris","Seine (Paris)","FR","France","75013","1994"
"32","1 (11) 500 555-0182","Specialty Bike Shop","Precision Gears Inc.","40","Ro·str 2248","","Stuttgart","Saarland","DE","Germany","70511","1995"
"33","1 (11) 500 555-0189","Warehouse","Global Sports Outlet","70","Ctrcrt Bus Pk/995-27 Paul St N","","Lavender Bay","New South Wales","AU","Australia","2060","1993"
"34","1 (11) 500 555-0181","Value Added Reseller","Cycles Wholesaler & Mfg.","15","Science Park South, Birchwood","Stanford House","Warrington","England","GB","United Kingdom","WA3 7BH","1999"
"35","623-555-0153","Specialty Bike Shop","Economic Parts Supply","43","2532 Fairgrounds Road","","West Kingston","Rhode Island","US","United States","02892","1992"
"36","415-555-0147","Warehouse","Exotic Bikes","73","6900 William Richardson Ct.","","South Bend","Indiana","US","United States","46601","1998"
"37","724-555-0161","Value Added Reseller","Two Bike Shops","14","35525-9th Street Sw","","Puyallup","Washington","US","United States","98371","1991"
"38","867-555-0114","Specialty Bike Shop","Finer Mart","46","640 South 994th St. W.","","Billings","Montana","US","United States","59101","1997"
"39","377-555-0132","Warehouse","Fitness Hotel","76","74400 France Avenue South","","Edina","Minnesota","US","United States","55436","1990"
"40","417-555-0182","Value Added Reseller","Journey Sporting Goods","13","509 Nafta Boulevard","","Laredo","Texas","US","United States","78040","1996"
"41","244-555-0127","Specialty Bike Shop","Distant Inn","49","25001 Montague Expressway","","Milpitas","California","US","United States","95035","1989"
"42","911-555-0165","Warehouse","Healthy Activity Store","79","4460 Newport Center Drive","","Newport Beach","California","US","United States","92625","1995"
"43","482-555-0174","Value Added Reseller","Frugal Bike Shop","12","2575 West 2700 South","","Salt Lake City","Utah","US","United States","84101","1988"
"44","552-555-0141","Specialty Bike Shop","Games and Sport Supply Company","48","2525 Electrics Blvd.","","Huntsville","Alabama","US","United States","35801","1994"
"45","333-555-0113","Warehouse","Every Bike Shop","80","2550 High Street","","La Vergne","Tennessee","US","United States","37086","1987"
"46","653-555-0159","Value Added Reseller","Gear-Shift Bikes Limited","11","2512-4th Ave Sw","","Calgary","Alberta","CA","Canada","T2P 2G8","1993"
"47","141-555-0172","Specialty Bike Shop","Greater Bike Store","47","55 Lakeshore Blvd East","","Toronto","Ontario","CA","Canada","M4B 1V6","1986"
"48","164-555-0118","Warehouse","Grand Industries","81","6333 Cote Vertu","","Montreal","Quebec","CA","Canada","H1Y 2H7","1992"
"49","1 (11) 500 555-0181","Value Added Reseller","Neighborhood Bicycle Storehouse","10","69, boulevard Tremblay","","Roncq","Nord","FR","France","59223","1985"
"50","1 (11) 500 555-0112","Specialty Bike Shop","Hometown Riding Supplies","46","Bundesallee 9571","Rechnungsstelle - C 035","Berlin","Brandenburg","DE","Germany","14197","1991"
"51","1 (11) 500 555-0133","Warehouse","Ideal Components","82","2-252 Beauchamp Road","Botany Bay Industrial Estate","Cloverdale","South Australia","AU","Australia","6105","1984"
"52","1 (11) 500 555-0155","Value Added Reseller","Instruments and Parts Company","9","Phoenix Way, Cirencester","","Gloucestershire","England","GB","United Kingdom","GL7 1RY","1990"
"53","479-555-0129","Specialty Bike Shop","Incomparable Bicycle Store","45","99 Edgewater Drive","","Norwood","Massachusetts","US","United States","02062","1983"
"54","140-555-0128","Warehouse","Larger Cycle Shop","83","Attn: Accounts Payable","44 Main Place","Melville","New York","US","United States","11747","1989"
"55","932-555-0163","Value Added Reseller","Kickstands and Accessories Company","8","25300 Biddle Road","","Medford","Oregon","US","United States","97504","1982"
"56","461-555-0118","Specialty Bike Shop","Latest Accessories Sales","44","Gateway","","Portland","Oregon","US","United States","97205","1988"
"57","260-555-0130","Warehouse","Leading Sales & Repair","84","25149 Howard Dr","","West Chicago","Illinois","US","United States","60185","1981"
"58","436-555-0160","Value Added Reseller","Largest Bike Store","7","63 W Monroe","","Chicago","Illinois","US","United States","60610","1987"
"59","385-555-0140","Specialty Bike Shop","Locks Company","43","70259 West Sunnyview Ave","","Visalia","California","US","United States","93291","1980"
"60","183-555-0111","Warehouse","Main Bicycle Services","85","60750 San Clemente","","Hayward","California","US","United States","94541","1986"
"61","452-555-0179","Value Added Reseller","Many Bikes Store","6","Receiving","","Fullerton","California","US","United States","92831","1979"
"62","351-555-0130","Specialty Bike Shop","Manufacturers Inc","42","Po Box 08050","","Nashville","Tennessee","US","United States","37203","1985"
"63","565-555-0181","Warehouse","Metro Bike Mart","86","Po Box 2257","","Greensboro","North Carolina","US","United States","27412","1978"
"64","290-555-0196","Value Added Reseller","Metal Clearing House","5","3255 Front Street West","","Toronto","Ontario","CA","Canada","M4B 1V6","1984"
"65","737-555-0163","Specialty Bike Shop","Metro Manufacturing","41","2550 Signet Drive","","Weston","Ontario","CA","Canada","M9V 4W3","1977"
"66","394-555-0176","Warehouse","Neighborhood Store","87","6777 Kingsway","","Burnaby","British Columbia","CA","Canada","V5H 3Z7","1983"
"67","1 (11) 500 555-0127","Value Added Reseller","Self-Contained Cycle Parts Company","4","12, rue des Grands Champs","","Verrieres Le Buisson","Essonne","FR","France","91370","1976"
"68","1 (11) 500 555-0184","Specialty Bike Shop","North Bike Company","40","Auf Der Steige 29","","Muehlheim","Hamburg","DE","Germany","63151","1982"
"69","1 (11) 500 555-0113","Warehouse","Online Bike Catalog","88","65 Epping Rd","","Lavender Bay","New South Wales","AU","Australia","2060","1975"
"70","1 (11) 500 555-0122","Value Added Reseller","Outdoor Aerobic Systems Company","3","255 Irving Street","","London","England","GB","United Kingdom","C2H 7AU","1981"
"71","513-555-0149","Specialty Bike Shop","Outdoor Distributors","39","225 Hyde Rd","","Farmington","Connecticut","US","United States","06032","1974"
"72","820-555-0166","Warehouse","Outdoor Equipment Store","89","6 Cotton Road","","Nashua","New Hampshire","US","United States","03064","1980"
"73","107-555-0132","Value Added Reseller","Outdoor Sports Supply","2","Great Northwestern","","North Bend","Washington","US","United States","98045","1973"
"74","162-555-0166","Specialty Bike Shop","Parcel Express Delivery Service","38","Washington Square","","Portland","Oregon","US","United States","97205","1979"
"75","358-555-0188","Warehouse","Paint Supply","90","Corporate Office","","Garland","Texas","US","United States","75040","1972"
"76","265-555-0190","Value Added Reseller","Out-of-the-Way Hotels","4","25269 N. Wood Dale Rd","","Wood Dale","Illinois","US","United States","60191","1978"
"77","128-555-0148","Specialty Bike Shop","Mechanical Products Ltd.","37","22555 Paseo De Las Americas","","San Diego","California","US","United States","92102","1971"
"78","819-555-0186","Warehouse","Preferred Bikes","91","Incom Sports Center","","Ontario","California","US","United States","91764","1977"
"79","996-555-0192","Value Added Reseller","Reasonable Bicycle Sales","6","C/O Starpak, Inc.","","Greeley","Colorado","US","United States","80631","1970"
"80","581-555-0189","Specialty Bike Shop","Racks and Security Systems","36","One Equinox Way","","Sunrise","Florida","US","United States","33322","1976"
"81","175-555-0198","Warehouse","Rally Day Mall","92","2561 Nw 8410th Avenue","","Miami","Florida","US","United States","33127","1987"
"82","814-555-0130","Value Added Reseller","Refined Department Stores","8","5250-505 Burning St","","Vancouver","British Columbia","CA","Canada","V7L 4J4","1975"
"83","644-555-0114","Specialty Bike Shop","Requisite Part Supply","35","600 Slater Street","","Ottawa","Ontario","CA","Canada","K4B 1S2","1988"
"84","752-555-0185","Warehouse","Rewarding Activities Company","93","25575 The Queensway","","Etobicoke","Ontario","CA","Canada","M9W 3P3","1974"
"85","1 (11) 500 555-0170","Value Added Reseller","Roadway Bicycle Supply","10","121, rue de Varenne","","Courbevoie","Hauts de Seine","FR","France","92400","1970"
"86","1 (11) 500 555-0163","Specialty Bike Shop","Bicycle Exporters","34","Hellweg 4934","","Essen","Hamburg","DE","Germany","45001","1972"
"87","1 (11) 500 555-0118","Warehouse","Rich Department Store","94","99 - 6 Orion Road","","Lane Cove","New South Wales","AU","Australia","1597","1974"
"88","1 (11) 500 555-0173","Value Added Reseller","Closest Bicycle Store","12","Garamonde Drive, Wymbush","PO Box 4023","Milton Keynes","England","GB","United Kingdom","MK8 8ZD","1976"
"89","268-555-0184","Specialty Bike Shop","Riverside Company","33","5998 E Lorain","","Oberlin","Ohio","US","United States","44074","1978"
"90","572-555-0156","Warehouse","Sales and Supply Company","95","Corporate Ofc A/p","123 Fourth Ave","Chantilly","Virginia","US","United States","20151","1980"
"91","810-555-0198","Value Added Reseller","Scooters and Bikes Store","14","258101 Nw Evergreen Parkway","","Beaverton","Oregon","US","United States","97005","1982"
"92","646-555-0137","Specialty Bike Shop","Sports Commodities","32","253950 N.E. 178th Place","","Woodinville","Washington","US","United States","98072","1984"
"93","138-555-0156","Warehouse","Stationary Bikes and Stands","96","Sapp Road West","","Round Rock","Texas","US","United States","78664","1986"
"94","556-555-0192","Value Added Reseller","Specialty Sports Store","16","52500 Liberty Way","","Fort Worth","Texas","US","United States","76102","1988"
"95","716-555-0167","Specialty Bike Shop","Rural Department Store","31","5967 W Las Positas Blvd","","Pleasanton","California","US","United States","94566","1990"
"96","354-555-0130","Warehouse","More Bikes!","97","25600 E St Andrews Pl","","Santa Ana","California","US","United States","92701","1992"
"97","136-555-0134","Value Added Reseller","Mountain Bike Center","18","6756 Mowry","","Newark","California","US","United States","94560","1994"
"98","752-555-0187","Specialty Bike Shop","Superlative Bikes","30","8525 Nw 17th St.","","Miami","Florida","US","United States","33127","1996"
"99","296-555-0171","Warehouse","Unified Sports Company","98","9876 Fruitville Rd","","Sarasota","Florida","US","United States","34236","1998"
"100","979-555-0163","Value Added Reseller","Up-To-Date Sports","20","2521 McPherson Street","","Markham","Ontario","CA","Canada","L3S 3K2","2000"
"101","383-555-0111","Specialty Bike Shop","Urban Sports Emporium","29","2560 Bay Street","","Toronto","Ontario","CA","Canada","M4B 1V7","2001"
"102","493-555-0134","Warehouse","National Manufacturing","99","630 University Avenue","","Toronto","Ontario","CA","Canada","M4B 1V7","1999"
"103","1 (11) 500 555-0131","Value Added Reseller","The Bike Outlet","19","22, rue du DÇpart","","Pantin","Seine Saint Denis","FR","France","93500","2000"
"104","1 (11) 500 555-0117","Specialty Bike Shop","Very Best Sports Supply","28","KurfÅrstenstr 9","","Duesseldorf","Hessen","DE","Germany","40605","1971"
"105","1 (11) 500 555-0119","Warehouse","Volume Bike Sellers","100","2565-175 Mitchell Road","","Alexandria","New South Wales","AU","Australia","2015","1999"
"106","1 (11) 500 555-0120","Value Added Reseller","West Side Mart","18","251 The Metro Center","","Wokingham","England","GB","United Kingdom","RG41 1QW","1975"
"107","652-555-0115","Specialty Bike Shop","Wholesale Bikes","27","58 Teed Drive","","Randolph","Massachusetts","US","United States","02368","1998"
"108","195-555-0196","Warehouse","Wheelsets Storehouse","66","63 Badgers Island West","","Kittery","Maine","US","United States","03904","1979"
"109","247-555-0197","Value Added Reseller","Travel Sports","17","755 Nw Grandstand","","Issaquah","Washington","US","United States","98027","1997"
"110","464-555-0188","Value Added Reseller","Vintage Sport Boutique","2","22571 South 2500 East","","Idaho Falls","Idaho","US","United States","83402","1970"
"111","119-555-0144","Specialty Bike Shop","Westside Cycle Store","10","25550 Executive Dr","","Elgin","Illinois","US","United States","60120","1972"
"112","803-555-0116","Warehouse","Town Industries","40","P.O. Box 6256916","","Dallas","Texas","US","United States","75201","1974"
"113","273-555-0111","Value Added Reseller","Trendy Department Stores","5","25472 Marlay Ave","","Fontana","California","US","United States","92335","1976"
"114","397-555-0144","Specialty Bike Shop","Two Wheels Cycle Store","13","77 Beale Street","Room 99767c","San Francisco","California","US","United States","94109","1978"
"115","699-555-0183","Warehouse","Security Racks and Locks Wholesalers","43","910 Main Street.","","Sparks","Nevada","US","United States","89431","1980"
"116","699-555-0184","Value Added Reseller","Retirement Activities Association","8","42500 West Park Drive","","Atlanta","Georgia","US","United States","30308","1982"
"117","987-555-0126","Specialty Bike Shop","Pedals Warehouse","16","6055 Shawnee Industrial Way","","Suwanee","Georgia","US","United States","30024","1984"
"118","316-555-0138","Warehouse","Rapid Bikes","46","992 St Clair Ave East","","Toronto","Ontario","CA","Canada","M4B 1V7","1986"
"119","667-555-0112","Value Added Reseller","Red Bicycle Company","11","99, Rue Saint-pierre","","Pnot-Rouge","Quebec","CA","Canada","J1E 2T7","1988"
"120","292-555-0128","Specialty Bike Shop","Machines & Cycles Store","19","25245 Rue Sherbrooke Ouest","","Montreal","Quebec","CA","Canada","H1Y 2H5","1990"
"121","1 (11) 500 555-0167","Warehouse","Metro Sports Equipment","49","6, rue des Pyrenees","","Saint Ouen","Loir et Cher","FR","France","41100","1992"
"122","1 (11) 500 555-0114","Value Added Reseller","Off-Price Bike Center","14","Postfach 11 09 00","","Berlin","Hessen","DE","Germany","14111","1994"
"123","1 (11) 500 555-0140","Specialty Bike Shop","First Supplies","22","Chabbell Park","","North Ryde","New South Wales","AU","Australia","2113","1996"
"124","1 (11) 500 555-0176","Warehouse","Nearby Sporting Goods","52","Bradford","","W. York","England","GB","United Kingdom","BD1 4SJ","1998"
"125","246-555-0110","Value Added Reseller","Immediate Repair Shop","17","9963 Tresser Blvd.","","Stamford","Connecticut","US","United States","06901","2000"
"126","159-555-0190","Specialty Bike Shop","Famous Bike Sales and Service","25","P.O. Box 9005","","Endicott","New York","US","United States","13760","2001"
"127","119-555-0195","Warehouse","Front Sporting Goods","55","257700 Ne 76th Street","","Redmond","Washington","US","United States","98052","1999"
"128","799-555-0118","Value Added Reseller","Demand Distributors","20","25102 Springwater","","Wenatchee","Washington","US","United States","98801","2000"
"129","426-555-0181","Specialty Bike Shop","Discount Bicycle Specialists","28","25269 Wood Dale Rd.","","Wood Dale","Illinois","US","United States","60191","1971"
"130","380-555-0116","Warehouse","Elite Bikes","58","Po Box 8259024","","Dallas","Texas","US","United States","75201","1999"
"131","785-555-0163","Value Added Reseller","Eighth Bike Store","19","2500 N Serene Blvd","19th Floor","El Segundo","California","US","United States","90245","1975"
"132","661-555-0168","Specialty Bike Shop","Another Sporting Goods Company","31","5650 West 88th Ave.","","Westminster","Colorado","US","United States","80030","1998"
"133","132-555-0150","Warehouse","Commercial Sporting Goods","61","9700 Sisk Road","","Modesto","California","US","United States","95354","1979"
"134","238-555-0165","Value Added Reseller","Budget Bike Company","18","Tom Morris","","Millington","Tennessee","US","United States","38054","1997"
"135","250-555-0127","Specialty Bike Shop","Wonderful Bikes Inc.","34","C/O Arrow Electronics","","Memphis","Tennessee","US","United States","38103","1983"
"136","674-555-0187","Warehouse","Wholesale Parts","64","655-4th Ave S.W.","","Calgary","Alberta","CA","Canada","T2P 2G8","1996"
"137","257-555-0119","Value Added Reseller","Transportation Options","17","25900-700-9th Ave S.W.","","Calgary","Alberta","CA","Canada","T2P 2G8","1987"
"138","206-555-0195","Specialty Bike Shop","South Bike Company","37","Po Box 83270","","Vancouver","British Columbia","CA","Canada","V7L 4J4","1995"
"139","1 (11) 500 555-0168","Warehouse","Steel Inc.","67","5, place de la Concorde","","Colombes","Hauts de Seine","FR","France","92700","1991"
"140","1 (11) 500 555-0187","Value Added Reseller","Teen Discount Store","16","Haberstr 29","","Bonn","Hamburg","DE","Germany","53131","1994"
"141","1 (11) 500 555-0176","Specialty Bike Shop","Rental Gallery","40","2520b Underwood Street","","Lavender Bay","New South Wales","AU","Australia","2060","1995"
"142","1 (11) 500 555-0114","Warehouse","Riding Cycles","70","Galashiels","","Liverpool","England","GB","United Kingdom","L4 4HB","1993"
"143","545-555-0183","Value Added Reseller","Modern Bike Store","15","Saltonstall Parkway","","East Haven","Connecticut","US","United States","06512","1999"
"144","539-555-0142","Specialty Bike Shop","Only Bikes and Accessories","43","123 Union Square South","","New York","New York","US","United States","10007","1992"
"145","962-555-0166","Warehouse","Raw Materials Inc","73","Bldg. 9n/99298","","Redmond","Washington","US","United States","98052","1998"
"146","340-555-0131","Value Added Reseller","Latest Sports Equipment","14","4251 First Avenue","","Seattle","Washington","US","United States","98104","1991"
"147","221-555-0141","Specialty Bike Shop","Local Hardware Factory","46","42500 W 76th St","","Chicago","Illinois","US","United States","60610","1997"
"148","494-555-0134","Warehouse","Lots of Bikes Storehouse","76","4255 East Lies Road","","Carol Stream","Illinois","US","United States","60188","1990"
"149","229-555-0114","Value Added Reseller","Initial Bike Company","13","789 West Alameda","","Westminster","Colorado","US","United States","80030","1996"
"150","927-555-0198","Specialty Bike Shop","Fleet Bikes","49","54254 Pacific Ave.","","Stockton","California","US","United States","95202","1989"
"151","163-555-0155","Warehouse","Futuristic Bikes","79","25136 Jefferson Blvd.","","Culver City","California","US","United States","90232","1995"
"152","353-555-0188","Value Added Reseller","Distance Bikes","12","Park North Business Center","","Clarkston","Georgia","US","United States","30021","1988"
"153","954-555-0145","Specialty Bike Shop","Widget Bicycle Specialists","48","23456 Calumet St","","Clearwater","Florida","US","United States","33755","1994"
"154","193-555-0116","Warehouse","Camping and Sports Store","80","400-25155 West Pender St","","Vancouver","British Columbia","CA","Canada","V7L 4J4","1987"
"155","180-555-0114","Value Added Reseller","Corner Bicycle Supply","11","2511 Baker Road","","Toronto","Ontario","CA","Canada","M4B 1V7","1993"
"156","844-555-0112","Specialty Bike Shop","Metal Processing Company","47","770 Notre Datme Quest Bureau 800","","Montreal","Quebec","CA","Canada","H1Y 2H7","1986"
"157","1 (11) 500 555-0120","Warehouse","Ace Bicycle Supply","81","36, avenue de la Gare","","Paris","Seine (Paris)","FR","France","75019","1992"
"158","1 (11) 500 555-0191","Value Added Reseller","Rural Sporting Goods","10","Auf der Krone 53","","Bonn","Nordrhein-Westfalen","DE","Germany","53131","1985"
"159","1 (11) 500 555-0177","Specialty Bike Shop","Uncompromising Quality Co","46","65 Epping Road","","North Ryde","New South Wales","AU","Australia","2113","1991"
"160","1 (11) 500 555-0178","Warehouse","Vigorous Sports Store","82","Banbury","","Oxon","England","GB","United Kingdom","OX16 8RS","1984"
"161","754-555-0134","Value Added Reseller","Weekend Tours","9","42522 Northrupp","","Fort Wayne","Indiana","US","United States","46807","1990"
"162","599-555-0160","Specialty Bike Shop","Tire Company","45","675 East Ave.","","Warwick","Rhode Island","US","United States","02889","1983"
"163","644-555-0111","Warehouse","Sports Merchandise","83","558 S 6th St","","Klamath Falls","Oregon","US","United States","97601","1989"
"164","706-555-0140","Value Added Reseller","Suburban Cycle Shop","8","994 Sw Cherry Park Rd","","Troutdale","Oregon","US","United States","97060","1982"
"165","383-555-0117","Specialty Bike Shop","Third Bike Store","44","2500 North Stemmons Freeway","","Dallas","Texas","US","United States","75201","1988"
"166","351-555-0131","Warehouse","Fitness Toy Store","84","220 Mercy Drive","","Garland","Texas","US","United States","75040","1981"
"167","156-555-0187","Value Added Reseller","Farthermost Bike Shop","7","99000 S. Avalon Blvd. Suite 750","","Carson","California","US","United States","90746","1987"
"168","688-555-0113","Specialty Bike Shop","Economy Bikes Company","43","72502 Eastern Ave.","","Bell Gardens","California","US","United States","90201","1980"
"169","147-555-0192","Warehouse","Downtown Hotel","85","2560 E. Newlands Dr","","Fernley","Nevada","US","United States","89408","1986"
"170","576-555-0171","Value Added Reseller","Excellent Riding Supplies","6","6555 Quince Road, Suite 2025","","Memphis","Tennessee","US","United States","38103","1979"
"171","332-555-0142","Specialty Bike Shop","Eighty Toy Stores","42","2025 Greenwood Ct","","Mcdonough","Georgia","US","United States","30253","1985"
"172","835-555-0116","Warehouse","Certified Sports Supply","86","250551 Shellbridge Way","","Richmond","British Columbia","CA","Canada","V6B 3P7","1978"
"173","722-555-0169","Value Added Reseller","Sundry Sporting Goods","5","595 Burning Street","","Vancouver","British Columbia","CA","Canada","V7L 4J4","1984"
"174","838-555-0147","Specialty Bike Shop","Toy Manufacturing Inc","41","252345 8810th Avenue","","Surrey","British Columbia","CA","Canada","V3T 4W3","1977"
"175","1 (11) 500 555-0197","Warehouse","Registered Cycle Store","87","26, rue Saint Denis","","Orleans","Loiret","FR","France","45000","1983"
"176","1 (11) 500 555-0163","Value Added Reseller","Rodeway Bike Store","4","Winterfeldtstr 5557","Kreditorenbuchhaltung","M¸nster","Saarland","DE","Germany","48001","1976"
"177","1 (11) 500 555-0181","Specialty Bike Shop","Plastic Products Manufacturers","40","5525 Glenferrie Road","","Hawthorne","Queensland","AU","Australia","4171","1982"
"178","1 (11) 500 555-0193","Warehouse","Rampart Amusement Company","88","Bradford","Raven House, Kingsgate","W. York","England","GB","United Kingdom","BD1 4SJ","1975"
"179","608-555-0114","Value Added Reseller","Fourth Bike Store","3","77993 Mentor Ave.","","Mentor","Ohio","US","United States","44060","1981"
"180","264-555-0164","Specialty Bike Shop","Full-Service Bike Store","39","9920 North Telegraph Rd.","","Pontiac","Michigan","US","United States","48342","1974"
"181","396-555-0139","Warehouse","Family Entertainment Center","89","25718 Se Sunnyside Rd","","Clackamas","Oregon","US","United States","97015-6403","1980"
"182","156-555-0126","Value Added Reseller","Another Bicycle Company","2","567 Sw Mcloughlin Blvd","","Milwaukie","Oregon","US","United States","97222","1973"
"183","344-555-0181","Specialty Bike Shop","This Area Sporting Goods","38","25 N State St","","Chicago","Illinois","US","United States","60610","1979"
"184","306-555-0166","Warehouse","Go-cart and Bike Specialists","90","2509 W. Frankford","","Carrollton","Texas","US","United States","75006","1972"
"185","495-555-0113","Value Added Reseller","Weekend Bike Tours","4","630 N. Capitol Ave.","","San Jose","California","US","United States","95112","1978"
"186","789-555-0184","Specialty Bike Shop","Thrilling Bike Tours","37","4660 Rodeo Road","","Santa Fe","New Mexico","US","United States","87501","1971"
"187","491-555-0132","Warehouse","Trailblazing Sports","91","251340 E. South St.","","Cerritos","California","US","United States","90703","1977"
"188","685-555-0176","Value Added Reseller","Variety Bike Outlet","6","83995 South Dixie Highway","","Miami","Florida","US","United States","33127","1970"
"189","514-555-0128","Specialty Bike Shop","Principal Bicycle Supply","36","39950 Airport Blvd.","","Mobile","Alabama","US","United States","36602","1976"
"190","371-555-0112","Warehouse","Racing Partners","92","2512-410th Avenue S.W.","","Calgary","Alberta","CA","Canada","T2P 2G8","1987"
"191","303-555-0117","Value Added Reseller","Non-Slip Pedal Company","8","258 King Street East","","Toronto","Ontario","CA","Canada","M4B 1V7","1975"
"192","117-555-0173","Specialty Bike Shop","Nuts and Bolts Mfg.","35","6th Floor Ferguson Block","","Toronto","Ontario","CA","Canada","M4B 1V7","1988"
"193","1 (11) 500 555-0165","Warehouse","Perfect Toys","93","68081, place du Tertre","","Colomiers","Garonne (Haute)","FR","France","31770","1974"
"194","1 (11) 500 555-0179","Value Added Reseller","Mechanical Brake Manufacturers","10","Alte Landstr 776","","M¸nchen","Hamburg","DE","Germany","80074","1970"
"195","1 (11) 500 555-0180","Specialty Bike Shop","Inexpensive Parts Shop","34","2253 Miller Street","","North Sydney","New South Wales","AU","Australia","2055","1972"
"196","1 (11) 500 555-0126","Warehouse","Exhibition Showroom","94","Garamonde Drive, Wymbush","P.O. Box 803","Milton Keynes","England","GB","United Kingdom","MK8 8ZD","1974"
"197","224-555-0126","Value Added Reseller","Fabrikam Inc., West","12","46460 West Oaks Drive","","Novi","Michigan","US","United States","48375","1976"
"198","528-555-0183","Specialty Bike Shop","Field Trip Inc","33","997000 Telegraph Rd.","","Southfield","Michigan","US","United States","48034","1978"
"199","947-555-0143","Warehouse","Authorized Bike Sales and Rental","95","490 Ne 4th St","","Renton","Washington","US","United States","98055","1980"
"200","170-555-0189","Value Added Reseller","Basic Bike Company","14","15 East Main","","Port Orchard","Washington","US","United States","98366","1982"
"201","789-555-0189","Specialty Bike Shop","Unsurpassed Bikes","32","Po Box 8035996","","Dallas","Texas","US","United States","75201","1984"
"202","645-555-0193","Warehouse","Two-Seater Bikes","96","5700 Legacy Dr","","Plano","Texas","US","United States","75074","1986"
"203","207-555-0129","Value Added Reseller","Separate Parts Corporation","16","440 West Huntington Dr.","","Monrovia","California","US","United States","91016","1988"
"204","973-555-0112","Specialty Bike Shop","Traction Tire Company","31","99235 Hawthorne Blvd.","","Torrance","California","US","United States","90505","1990"
"205","171-555-0147","Warehouse","Rally Master Company Inc","97","870 N. 54th Ave.","","Chandler","Arizona","US","United States","85225","1992"
"206","895-555-0160","Value Added Reseller","New and Used Bicycles","18","3990 Silas Creek Parkway","","Winston-Salem","North Carolina","US","United States","27104","1994"
"207","726-555-0191","Specialty Bike Shop","Lubricant and Grease Suppliers","30","956k North Wesleyan Blvd.","","Rocky Mount","North Carolina","US","United States","27803","1996"
"208","154-555-0115","Warehouse","Professional Cyclists","98","2545 King Street West","","Toronto","Ontario","CA","Canada","M4B 1V7","1998"
"209","595-555-0131","Value Added Reseller","Purple Bicycle Company","20","2550 Middlefield Road","","Scarborough","Ontario","CA","Canada","M1V 4M2","2000"
"210","584-555-0192","Specialty Bike Shop","Gasless Cycle Shop","29","25 First Canadian Place","","Toronto","Ontario","CA","Canada","M4B 1V5","2001"
"211","1 (11) 500 555-0174","Warehouse","Sports Products Store","99","98, rue de Terre Neuve","","Lieusaint","Seine et Marne","FR","France","77127","1999"
"212","1 (11) 500 555-0187","Value Added Reseller","Enterprise Center","19","KurfÅrstenstr 574","","M¸nchen","Hessen","DE","Germany","80074","2000"
"213","1 (11) 500 555-0168","Specialty Bike Shop","Fast Bike Works","28","Level 100","77 Southbank Boulevard","South Melbourne","Victoria","AU","Australia","3205","1971"
"214","1 (11) 500 555-0175","Warehouse","Exclusive Bicycle Mart","100","Butterfield Hse, 7-251 Chapel St","","Lancaster","England","GB","United Kingdom","LA1 1LN","1999"
"215","230-555-0164","Value Added Reseller","Eleventh Bike Store","18","25850 Post Road","","Westport","Connecticut","US","United States","06880","1975"
"216","496-555-0150","Specialty Bike Shop","Painters Bicycle Specialists","27","9975 Union St.","","Waterbury","Connecticut","US","United States","06710","1998"
"217","642-555-0187","Warehouse","City Manufacturing","66","3025 E Waterway Blvd","","Shelton","Washington","US","United States","98584","1979"
"218","476-555-0139","Value Added Reseller","Sure & Reliable Sporting Goods","17","7990 Ocean Beach Hwy.","","Longview","Washington","US","United States","98632","1997"
"219","320-555-0134","Value Added Reseller","Extras Sporting Goods","2","625 W Jackson Blvd. Unit 2502","","Chicago","Illinois","US","United States","60610","1970"
"220","575-555-0189","Specialty Bike Shop","Best o' Bikes","10","250880 Baur Blvd","","Saint Louis","Missouri","US","United States","63103","1972"
"221","993-555-0179","Warehouse","Bike Dealers Association","40","9952 E. Lohman Ave.","","Las Cruces","New Mexico","US","United States","88001","1974"
"222","858-555-0140","Value Added Reseller","Sample Bike Store","5","2530 South Colorado Blvd.","","Denver","Colorado","US","United States","80203","1976"
"223","458-555-0179","Specialty Bike Shop","Paints and Solvents Company","13","955 E. County Line Rd.","","Englewood","Colorado","US","United States","80110","1978"
"224","455-555-0144","Warehouse","Pedal Systems Company","43","656 Cox Creek Pkwy.","","Florence","Alabama","US","United States","35630","1980"
"225","523-555-0170","Value Added Reseller","Optimal Bikes","8","25050 S. Columbia Ave","","Campbellsville","Kentucky","US","United States","42718","1982"
"226","103-555-0151","Specialty Bike Shop","Leisure Activities","16","65 Gamelin Street","","Hull","Quebec","CA","Canada","8Y","1984"
"227","431-555-0153","Warehouse","Health Spa, Limited","46","2500 University Avenue","","Toronto","Ontario","CA","Canada","M4B 1V5","1986"
"228","356-555-0190","Value Added Reseller","Home Town Bike Store","11","955 Green Valley Crescent","","Ottawa","Ontario","CA","Canada","K4B 1S1","1988"
"229","1 (11) 500 555-0113","Specialty Bike Shop","Instant Cycle Store","19","21801, rue LÇo Delibes","","Colombes","Hauts de Seine","FR","France","92700","1990"
"230","1 (11) 500 555-0179","Warehouse","Global Bike Retailers","49","Kînigsteiner Stra·e 9","","Bad Soden","Hessen","DE","Germany","65800","1992"
"231","1 (11) 500 555-0122","Value Added Reseller","Helmets and Cycles","14","Rosebery","","Lavender Bay","New South Wales","AU","Australia","2060","1994"
"232","1 (11) 500 555-0140","Specialty Bike Shop","Exceptional Cycle Services","22","Wade Road","","Basingstoke Hants","England","GB","United Kingdom","RG24 8PL","1996"
"233","618-555-0193","Warehouse","Fashionable Department Stores","52","7505 Commercial Dr.","","New Hartford","New York","US","United States","13413","1998"
"234","428-555-0162","Value Added Reseller","Eastside Sporting Goods","17","89950 Castleton Corner","","Indianapolis","Indiana","US","United States","46204","2000"
"235","344-555-0133","Specialty Bike Shop","Certified Bicycle Supply","25","2345 West Spencer Road","","Lynnwood","Washington","US","United States","98036","2001"
"236","173-555-0151","Warehouse","Closeout Boutique","55","1050 Oak Street","","Seattle","Washington","US","United States","98104","1999"
"237","658-555-0146","Value Added Reseller","Client Discount Store","20","Noah Lane","","Chicago","Illinois","US","United States","60610","2000"
"238","652-555-0189","Specialty Bike Shop","A Great Bicycle Company","28","6030 Robinson Road","","Jefferson City","Missouri","US","United States","65101","1971"
"239","529-555-0195","Warehouse","Bicycle Merchandise Warehouse","58","409 Santa Monica Blvd.","","Santa Monica","California","US","United States","90401","1999"
"240","103-555-0179","Value Added Reseller","Wire Baskets and Parts","19","Mall Of Orange","","Orange","California","US","United States","92867","1975"
"241","703-555-0120","Specialty Bike Shop","Vale Riding Supplies","31","Topanga Plaza","","Canoga Park","California","US","United States","91303","1998"
"242","600-555-0162","Warehouse","Spoke Manufacturers","61","2545 N.W. 107th Ave.","","Miami","Florida","US","United States","33127","1979"
"243","162-555-0138","Value Added Reseller","Recreation Supplies","18","8789 S.W. 2517 Ave.","","Kendall","Florida","US","United States","33143","1997"
"244","697-555-0131","Specialty Bike Shop","Retail Discount Store","34","2510 Crew Court","","Montreal","Quebec","CA","Canada","H1Y 2H8","1983"
"245","191-555-0151","Warehouse","Leather Seat Factory","64","9900-6400 Boul, Taschereau","","Brossard","Quebec","CA","Canada","J4Z 1R4","1996"
"246","481-555-0131","Value Added Reseller","Large Bike Shop","17","600 Boul. Rene-levesque Ouest","","Montreal","Quebec","CA","Canada","H1Y 2H7","1987"
"247","1 (11) 500 555-0112","Specialty Bike Shop","Major Amusement Company","37","2111, rue de Linois","","Orly","Val de Marne","FR","France","94310","1995"
"248","1 (11) 500 555-0158","Warehouse","Good Bicycle Store","67","Werftstr 4400","","Sulzbach Taunus","Saarland","DE","Germany","66272","1991"
"249","1 (11) 500 555-0189","Value Added Reseller","Helpful Sales and Repair Service","16","Licensing Account","","Seaford","Victoria","AU","Australia","3198","1994"
"250","1 (11) 500 555-0127","Specialty Bike Shop","Express Bike Services","40","586 Fulham Road,","","London","England","GB","United Kingdom","SW6 SBY","1995"
"251","378-555-0157","Warehouse","Endurance Bikes","70","99200 Dixwell Ave.","","Hamden","Connecticut","US","United States","06518","1993"
"252","612-555-0149","Value Added Reseller","Classic Cycle Store","15","630 Oldgate Lane","","Milford","Connecticut","US","United States","06460","1999"
"253","116-555-0163","Specialty Bike Shop","Roving Sports","43","4927 S Meridian Ave Ste D","","Puyallup","Washington","US","United States","98371","1992"
"254","449-555-0176","Warehouse","Safe Cycles Shop","73","25915 140th Ave Ne","","Bellevue","Washington","US","United States","98004","1998"
"255","184-555-0187","Value Added Reseller","Swift Cycles","14","25500 Old Spanish Trail","","Houston","Texas","US","United States","77003","1991"
"256","367-555-0124","Specialty Bike Shop","Rental Bikes","46","99828 Routh Street, Suite 825","","Dallas","Texas","US","United States","75201","1997"
"257","384-555-0169","Warehouse","Number 1 Supply","76","Escondido","","Escondido","California","US","United States","92025","1990"
"258","767-555-0193","Value Added Reseller","Quantity Discounts","13","Natomas Marketplace","","Sacramento","California","US","United States","95814","1996"
"259","199-555-0135","Specialty Bike Shop","Highway Bike Shop","49","Simi @ The Plaza","","Simi Valley","California","US","United States","93065","1989"
"260","471-555-0181","Warehouse","Industrial Supplies","79","825 Coral Way","","Miami","Florida","US","United States","33127","1995"
"261","695-555-0128","Value Added Reseller","Functional Store North","12","650 E Altamonte Dr","","Altamonte Springs","Florida","US","United States","32701","1988"
"262","718-555-0152","Specialty Bike Shop","General Industries","48","9259 - 1110th Avenue Sw","","Calgary","Alberta","CA","Canada","T2P 2G8","1994"
"263","251-555-0172","Warehouse","Farthest Bike Store","80","45259 Canada Way","","Burnaby","British Columbia","CA","Canada","V5G 4S4","1987"
"264","277-555-0182","Value Added Reseller","Fasteners & Bolts Outlet","11","9960 King Street E.","","Toronto","Ontario","CA","Canada","M4B 1V5","1993"
"265","1 (11) 500 555-0199","Specialty Bike Shop","Full Sports Supply","47","39, route de Marseille","","Paris","Seine (Paris)","FR","France","75016","1986"
"266","1 (11) 500 555-0129","Warehouse","Excellent Bikes","81","Hans-Rosenthal-Platz 4223","","Grevenbroich","Bayern","DE","Germany","41485","1992"
"267","1 (11) 500 555-0179","Value Added Reseller","Cycle Parts and Accessories","10","Level 99","12 South 10th Avenue","Melbourne","Victoria","AU","Australia","3000","1985"
"268","1 (11) 500 555-0138","Specialty Bike Shop","Channel Outlet","46","Knaves Beech Ind.","","High Wycombe","England","GB","United Kingdom","HP10 9QY","1991"
"269","131-555-0171","Warehouse","Curbside Universe","82","25264 E. 260th","","Euclid","Ohio","US","United States","44119","1984"
"270","526-555-0155","Value Added Reseller","Active Transport Inc.","9","225200 Miles Ave.","","North Randall","Ohio","US","United States","44128","1990"
"271","164-555-0147","Specialty Bike Shop","Alternative Vehicles","45","3307 Evergreen Blvd","Ste 1071","Washougal","Washington","US","United States","98671","1983"
"272","635-555-0126","Warehouse","Metro Cycle Shop","83","2507 Pacific Ave S","","Tacoma","Washington","US","United States","98403","1989"
"273","686-555-0180","Value Added Reseller","A Typical Bike Shop","8","One Dancing, Rr No. 25","Box 8033","Round Rock","Texas","US","United States","78664","1982"
"274","521-555-0183","Specialty Bike Shop","Active Systems","44","9995 West Central Entrance","","Duluth","Minnesota","US","United States","55802","1988"
"275","118-555-0131","Warehouse","Outdoor Sporting Goods","84","Lakewood Mall","","Lakewood","California","US","United States","90712","1981"
"276","308-555-0175","Value Added Reseller","Thrifty Parts and Sales","7","Oxnard Outlet","","Oxnard","California","US","United States","93030","1987"
"277","583-555-0198","Specialty Bike Shop","The Bicycle Accessories Company","43","Vista Marketplace","","Alhambra","California","US","United States","91801","1980"
"278","965-555-0112","Warehouse","Tread Industries","85","25631 Florida Mall Ave.","","Orlando","Florida","US","United States","32804","1986"
"279","793-555-0146","Value Added Reseller","Reliable Brake Systems","6","770 South Point Dr","","Memphis","Tennessee","US","United States","38103","1979"
"280","692-555-0136","Specialty Bike Shop","Standard Bikes","42","9979 Bayview Drive","","Barrie","Ontario","CA","Canada","L4N","1985"
"281","990-555-0141","Warehouse","Petroleum Products Distributors","86","20225 Lansing Ave","","Montreal","Quebec","CA","Canada","H1Y 2H7","1978"
"282","882-555-0115","Value Added Reseller","Quick Parts and Service","5","99954 Boul. Laurier, Local 060, Place","","Sainte-Foy","Quebec","CA","Canada","G1W","1984"
"283","1 (11) 500 555-0112","Specialty Bike Shop","Racing Supply Distributors","41","57, rue des Vendangeurs","","Roissy en Brie","Seine et Marne","FR","France","77680","1977"
"284","1 (11) 500 555-0148","Warehouse","Nearby Bike Mall","87","Nonnendamm 63","","Berlin","Nordrhein-Westfalen","DE","Germany","14197","1983"
"285","1 (11) 500 555-0151","Value Added Reseller","Nearest Bike Store","4","Ctrcrt Bus Pk/995-27 Paul St N","","North Ryde","New South Wales","AU","Australia","2113","1976"
"286","1 (11) 500 555-0169","Specialty Bike Shop","Number One Bike Co.","40","Elmhurst Road, Goring","","Reading","England","GB","United Kingdom","RG7 5H7","1982"
"287","859-555-0173","Warehouse","Handy Bike Services","88","399700 John R. Rd.","","Madison Heights","Michigan","US","United States","48071","1975"
"288","241-555-0112","Value Added Reseller","Kickstand Sellers","3","6789 Warren Road","","Westland","Michigan","US","United States","48185","1981"
"289","763-555-0145","Specialty Bike Shop","Moderately-Priced Bikes Store","39","67 Rainer Ave S","","Renton","Washington","US","United States","98055","1974"
"290","119-555-0167","Warehouse","Friendly Bike Shop","89","750 Lakeway Dr","","Bellingham","Washington","US","United States","98225","1980"
"291","640-555-0189","Value Added Reseller","Grand Bicycle Stores","2","48255 I-10 E. @ Eastpoint Blvd.","","Baytown","Texas","US","United States","77520","1973"
"292","126-555-0172","Specialty Bike Shop","Grease and Oil Products Company","38","9903 Highway 6 South","","Houston","Texas","US","United States","77003","1979"
"293","115-555-0113","Warehouse","Fashionable Bikes and Accessories","90","Sports Store At Park City","","Park City","Utah","US","United States","84098","1972"
"294","780-555-0114","Value Added Reseller","Flawless Bike Shop","4","North County Square","","Vista","California","US","United States","92084","1978"
"295","129-555-0164","Specialty Bike Shop","Engineered Bike Systems","37","123 Camelia Avenue","","Oxnard","California","US","United States","93030","1971"
"296","937-555-0136","Warehouse","Extreme Toy Store","91","7725 Luddington Lane","","Birmingham","Alabama","US","United States","35203","1977"
"297","790-555-0112","Value Added Reseller","Blue-Ribbon Bike Company","6","790 Shelbyville Road","","Saint Matthews","Kentucky","US","United States","40207","1970"
"298","239-555-0198","Specialty Bike Shop","City Cycling","36","6th Floor 5250 Main Street","","Winnipeg","Manitoba","CA","Canada","R3","1976"
"299","680-555-0192","Warehouse","Citywide Service and Repair","92","Box 99354 300 Union Street","","Saint John","Brunswick","CA","Canada","E2P 1E3","1987"
"300","221-555-0167","Value Added Reseller","Nice Bikes","8","Suite 800 2530 Slater Street","","Ottawa","Ontario","CA","Canada","K4B 1T7","1975"
"301","1 (11) 500 555-0183","Specialty Bike Shop","Rural Mountain Bike Mart","35","98, rue Montcalm","","Paris","Seine (Paris)","FR","France","75019","1988"
"302","1 (11) 500 555-0178","Warehouse","Best Cycle Store","93","Berliner Platz 45","","Offenbach","Saarland","DE","Germany","63009","1974"
"303","1 (11) 500 555-0187","Value Added Reseller","Seaside Bike Works","10","2501 Miller Street","","North Sydney","New South Wales","AU","Australia","2055","1970"
"304","1 (11) 500 555-0182","Specialty Bike Shop","Essential Bike Works","34","New Millhouse, 2583 Milton Park","","Abingdon","England","GB","United Kingdom","OX14 4SE","1972"
"305","219-555-0126","Warehouse","Professional Sporting Goods","94","42500 South Franklin Street","","Michigan City","Indiana","US","United States","46360","1974"
"306","818-555-0171","Value Added Reseller","Work and Play Association","12","2533 Eureka Rd.","","Southgate","Michigan","US","United States","48195","1976"
"307","992-555-0134","Specialty Bike Shop","Riding Associates","33","2528 Meridian E","","Puyallup","Washington","US","United States","98371","1978"
"308","839-555-0198","Warehouse","Rugged Bikes","95","48995 Evergreen Wy.","","Everett","Washington","US","United States","98201","1980"
"309","149-555-0113","Value Added Reseller","The Gear Store","14","2345 North Freeway","","Houston","Texas","US","United States","77003","1982"
"310","118-555-0184","Specialty Bike Shop","Orange Bicycle Company","32","123 W. Lake Ave.","","Peoria","Illinois","US","United States","61606","1984"
"311","551-555-0155","Warehouse","Principal Bike Company","96","Mountain Square","","Upland","California","US","United States","91786","1986"
"312","226-555-0146","Value Added Reseller","Resale Services","16","Fox Hills","","Culver City","California","US","United States","90232","1988"
"313","140-555-0192","Specialty Bike Shop","Metropolitan Manufacturing","31","Parkway Plaza","","El Cajon","California","US","United States","92020","1990"
"314","188-555-0152","Warehouse","One-Piece Handle Bars","97","4496 Barnes Crossing Rd.","","Tupelo","Mississippi","US","United States","38804","1992"
"315","843-555-0175","Value Added Reseller","Juvenile Sports Equipment","18","78025 E. Mercy Island Cswy","","Merritt Island","Florida","US","United States","32952","1994"
"316","207-555-0167","Specialty Bike Shop","Low Price Cycles","30","Suite 500 995 W. 11th Avenue","","Mississauga","Ontario","CA","Canada","L5A 1H6","1996"
"317","767-555-0151","Warehouse","Finer Riding Supplies","98","#9900 2700 Production Way","","Burnaby","British Columbia","CA","Canada","V5A 4X1","1998"
"318","277-555-0169","Value Added Reseller","First-Rate Outlet","20","25537 Hillside Avenue","","Victoria","British Columbia","CA","Canada","V8V","2000"
"319","1 (11) 500 555-0181","Specialty Bike Shop","Cycles Sales and Repair","29","3387, rue Marbeuf","","Bobigny","Seine Saint Denis","FR","France","93000","2001"
"320","1 (11) 500 555-0146","Warehouse","Amalgamated Parts Shop","99","Brunnenstr 422","","Frankfurt am Main","Hamburg","DE","Germany","60082","1999"
"321","1 (11) 500 555-0140","Value Added Reseller","Second Bike Shop","19","6 Lord Street","","Matraville","New South Wales","AU","Australia","2036","2000"
"322","1 (11) 500 555-0176","Specialty Bike Shop","Tachometers and Accessories","28","Wymbush","","Milton Keynes","England","GB","United Kingdom","MK8 8DF","1971"
"323","689-555-0130","Warehouse","Metro Bike Works","100","250000 Eight Mile Road","","Detroit","Michigan","US","United States","48226","1999"
"324","842-555-0125","Value Added Reseller","A Bicycle Association","18","6405 Erie Blvd. Hills Plaza","","De Witt","New York","US","United States","13214","1975"
"325","918-555-0127","Specialty Bike Shop","All Cycle Shop","27","25111 228th St Sw","","Bothell","Washington","US","United States","98011","1998"
"326","164-555-0145","Warehouse","Year-Round Sports","66","2583 Se 272nd St","","Kent","Washington","US","United States","98031","1979"
"327","695-555-0158","Value Added Reseller","World of Bikes","17","660 Lindbergh","","Saint Louis","Missouri","US","United States","63103","1997"
"328","560-555-0171","Value Added Reseller","Totes & Baskets Company","2","72540 Blanco Rd.","","San Antonio","Texas","US","United States","78204","1970"
"329","795-555-0116","Specialty Bike Shop","Unicycles, Bicycles, and Tricycles","10","Stonewood Mall","","Downey","California","US","United States","90241","1972"
"330","637-555-0120","Warehouse","The New Bike Store","40","Hanford Mall","","Hanford","California","US","United States","93230","1974"
"331","433-555-0168","Value Added Reseller","Technical Parts Manufacturing","5","Ontario Mills","","Ontario","California","US","United States","91764","1976"
"332","144-555-0175","Specialty Bike Shop","Topnotch Bikes","13","574 Atlanta Highway","","Montgomery","Alabama","US","United States","36104","1978"
"333","621-555-0157","Warehouse","Resident Cycle Shop","43","5230a Hwy. 2553","","Hixson","Tennessee","US","United States","37343","1980"
"334","155-555-0140","Value Added Reseller","Retreat Inn","8","Suite 2502 410 Albert Street","","Waterloo","Ontario","CA","Canada","N2V","1982"
"335","156-555-0111","Specialty Bike Shop","Scratch-Resistant Finishes Company","16","5700 Explorer Drive","","Mississauga","Ontario","CA","Canada","L4W 5J3","1984"
"336","495-555-0161","Warehouse","Primary Bike Distributors","46","965 De La Gauchetiere West","","Montreal","Quebec","CA","Canada","H1Y 2H8","1986"
"337","1 (11) 500 555-0116","Value Added Reseller","Recreation Toy Store","11","39, avenue des Laurentides","","Paris La Defense","Hauts de Seine","FR","France","92081","1988"
"338","1 (11) 500 555-0136","Specialty Bike Shop","Rambling Tours","19","RotthÑuser Weg 511","","Stuttgart","Saarland","DE","Germany","70511","1990"
"339","1 (11) 500 555-0180","Warehouse","Major Bicycle Store","49","Level 6","538 Climbing Street","Matraville","New South Wales","AU","Australia","2036","1992"
"340","1 (11) 500 555-0195","Value Added Reseller","Nearby Cycle Shop","14","Burgess Hill","Edward Way","West Sussex","England","GB","United Kingdom","RH15 9UD","1994"
"341","710-555-0116","Specialty Bike Shop","Independent Outlet","22","Great Northern Mall Hwy4 & Rt. 31","","Clay","New York","US","United States","13041","1996"
"342","433-555-0162","Warehouse","Leather and Vinyl Manufacturing","52","250 E. County Line Rd.","","Indianapolis","Indiana","US","United States","46204","1998"
"343","490-555-0132","Value Added Reseller","Mail-Order Outlet","17","409 S. Main Ste. 25","","Ellensburg","Washington","US","United States","98926","2000"
"344","652-555-0132","Specialty Bike Shop","Fifth Bike Store","25","2502 Evergreen Ste E","","Everett","Washington","US","United States","98201","2001"
"345","121-555-0139","Warehouse","Genial Bike Associates","55","99450 Highway 59 North","","Humble","Texas","US","United States","77338","1999"
"346","810-555-0160","Value Added Reseller","Great Bicycle Supply","20","455 256th St.","","Moline","Illinois","US","United States","61265","2000"
"347","857-555-0187","Specialty Bike Shop","Bike Universe","28","Nut Tree Factory","","Vacaville","California","US","United States","95688","1971"
"348","855-555-0174","Warehouse","Bold Bike Accessories","58","Rocky Mountain Pines Outlet","","Loveland","Colorado","US","United States","80537","1999"
"349","112-555-0176","Value Added Reseller","Exercise Center","19","Stevens Creek Shopping Center","","San Jose","California","US","United States","95112","1975"
"350","756-555-0117","Specialty Bike Shop","Mountain Emporium","31","25800 Gallitin Rd.","","Nashville","Tennessee","US","United States","37203","1998"
"351","178-555-0129","Warehouse","Acclaimed Bicycle Company","61","830 Highway 499 So","","Mcdonough","Georgia","US","United States","30253","1979"
"352","155-555-0149","Value Added Reseller","Twelfth Bike Store","18","No. 25400 10665 Jasper Avenue","","Edmonton","Alberta","CA","Canada","T5","1997"
"353","700-555-0155","Specialty Bike Shop","Two-Wheeled Transit Company","34","P.O. Box 44000","","Winnipeg","Manitoba","CA","Canada","R3","1983"
"354","614-555-0134","Warehouse","Serious Cycles","64","Suite 99320 255 - 510th Avenue S.W.","","Calgary","Alberta","CA","Canada","T2P 2G8","1996"
"355","1 (11) 500 555-0165","Value Added Reseller","Spare Parts Co.","17","3101, avenue de Malakoff","","Paris","Seine (Paris)","FR","France","75003","1987"
"356","1 (11) 500 555-0190","Specialty Bike Shop","Speedometer Sales","37","Am Karlshof 8200","","Hamburg","Hessen","DE","Germany","22001","1995"
"357","1 (11) 500 555-0181","Warehouse","Quality Bike Sales","67","P.O. Box 990032","","Findon","South Australia","AU","Australia","5023","1991"
"358","1 (11) 500 555-0144","Value Added Reseller","Mail Market","16","308-3250 Casting Road","","York","England","GB","United Kingdom","Y024 1GF","1994"
"359","377-555-0158","Specialty Bike Shop","Mechanical Sports Center","40","6225 Glenway Ave.","","Cincinnati","Ohio","US","United States","45202","1995"
"360","327-555-0148","Warehouse","Novelty Bikes","70","998 Forest Road","","Saginaw","Michigan","US","United States","48601","1993"
"361","390-555-0150","Value Added Reseller","Fitness Supplies","15","755 W Washington Ave Ste D","","Sequim","Washington","US","United States","98382","1999"
"362","889-555-0176","Specialty Bike Shop","Grand Cycle Store","43","44606 N Division St","","Spokane","Washington","US","United States","99202","1992"
"363","556-555-0145","Warehouse","Immense Manufacturing Company","73","70 N.W. Plaza","","Saint Ann","Missouri","US","United States","63074","1998"
"364","249-555-0179","Value Added Reseller","District Mall","14","25095 W. Florissant","","Ferguson","Missouri","US","United States","63135","1991"
"365","539-555-0182","Specialty Bike Shop","Distinctive Store","46","Factory Merchants","","Barstow","California","US","United States","92311","1997"
"366","129-555-0110","Warehouse","Extended Bike Sales","76","The Citadel Commerce Plaza","","City Of Commerce","California","US","United States","90040","1990"
"367","145-555-0166","Value Added Reseller","Brown Bicycle Company","13","University Town Center","","San Diego","California","US","United States","92102","1996"
"368","945-555-0112","Specialty Bike Shop","Elemental Sporting Goods","49","99842 White Mill East","","Decatur","Georgia","US","United States","30030","1989"
"369","922-555-0193","Warehouse","Distinctive Cycles Sales & Service","79","Turfway Retail Center","","Florence","Kentucky","US","United States","41042","1995"
"370","656-555-0173","Value Added Reseller","Acceptable Sales & Service","12","6400, 888 - 3rd Avenue","","Calgary","Alberta","CA","Canada","T2P 2G8","1988"
"371","140-555-0143","Specialty Bike Shop","Custom Sales and Service","48","255117 - 101 Avenue","","Surrey","British Columbia","CA","Canada","V3T 4W3","1994"
"372","421-555-0192","Warehouse","Top Bike Market","80","975 Princess Street","","Kingston","Ontario","CA","Canada","7L","1987"
"373","1 (11) 500 555-0132","Value Added Reseller","Township Inn","11","61, rue Henri Gagnon","","Les Ulis","Essonne","FR","France","91940","1993"
"374","1 (11) 500 555-0147","Specialty Bike Shop","Major Equipment Co","47","Holzstr 6444","","Salzgitter","Hessen","DE","Germany","38231","1986"
"375","1 (11) 500 555-0181","Warehouse","Region Bike Company","81","P O Box 72569","","East Brisbane","Queensland","AU","Australia","4169","1992"
"376","1 (11) 500 555-0146","Value Added Reseller","Commerce Bicycle Specialists","10","Wharfdale Road","","Berkshire","England","GB","United Kingdom","RG11 5TP","1985"
"377","941-555-0155","Specialty Bike Shop","Grand Sport Boutique","46","99800 Tittabawasee Rd.","","Saginaw","Michigan","US","United States","48601","1991"
"378","238-555-0163","Warehouse","Grown-up Bike Store","82","25192 Princeton Rd.","","Springdale","Ohio","US","United States","45246","1984"
"379","275-555-0179","Value Added Reseller","Fad Outlet","9","2550 Ne Sandy Blvd","","Portland","Oregon","US","United States","97205","1990"
"380","542-555-0164","Specialty Bike Shop","First Department Stores","45","2540 Dell Range Blvd","","Cheyenne","Wyoming","US","United States","82001","1983"
"381","145-555-0194","Warehouse","Bicycle Lines Distributors","83","6996 South Lindbergh","","Saint Louis","Missouri","US","United States","63103","1989"
"382","510-555-0123","Value Added Reseller","Beneficial Exercises and Activities","8","6425 Nw Loop 410","","San Antonio","Texas","US","United States","78204","1982"
"383","773-555-0182","Specialty Bike Shop","Vehicle Shop","44","Pavillion @ Redlands","","Redlands","California","US","United States","92373","1988"
"384","787-555-0128","Warehouse","Sparkling Paint and Finishes","84","San Diego Factory","","San Ysidro","California","US","United States","92173","1981"
"385","330-555-0116","Value Added Reseller","Sturdy Toys","7","Pacific West Outlet","","Gilroy","California","US","United States","95020","1987"
"386","884-555-0193","Specialty Bike Shop","Touring Services","43","25 Myrtle Beach","","Myrtle Beach","South Carolina","US","United States","29577","1980"
"387","825-555-0187","Warehouse","Racing Association","85","Parkway City Mall","","Huntsville","Alabama","US","United States","35801","1986"
"388","112-555-0195","Value Added Reseller","Road Way Sales and Rental","6","2900 - 25055 Dunning Street","","Vancouver","British Columbia","CA","Canada","V7L 4J4","1979"
"389","428-555-0176","Specialty Bike Shop","Sixth Bike Store","42","Suite 25800 3401 - 10810th Avenue","","Surrey","British Columbia","CA","Canada","V3T 4W3","1985"
"390","204-555-0189","Warehouse","Plastic Parts Company","86","750 Philip Street","","Waterloo","Ontario","CA","Canada","N2V","1978"
"391","1 (11) 500 555-0115","Value Added Reseller","Pretty Bikes and Toys","5","9005, rue des Bouchers","","Paris","Seine (Paris)","FR","France","75005","1984"
"392","1 (11) 500 555-0133","Specialty Bike Shop","Primary Cycle Shop","41","Am Grossen Dern 982","","Hamburg","Hamburg","DE","Germany","20354","1977"
"393","1 (11) 500 555-0155","Warehouse","Gears and Parts Company","87","2nd Floor","55 Lavender Street","Milsons Point","New South Wales","AU","Australia","2061","1983"
"394","1 (11) 500 555-0116","Value Added Reseller","Little Sports Center","4","7 Pioneer Business Park","","York","England","GB","United Kingdom","Y03 4TN","1976"
"395","249-555-0172","Specialty Bike Shop","Online Bike Sellers","40","678 Eastman Ave.","","Midland","Michigan","US","United States","48640","1982"
"396","214-555-0170","Warehouse","Executive Gift Store","88","New Castle Plaza","","New Castle","Indiana","US","United States","47362","1975"
"397","928-555-0117","Value Added Reseller","Capable Sales and Service","3","765 Delridge Way Sw","","Seattle","Washington","US","United States","98104","1981"
"398","383-555-0155","Specialty Bike Shop","Commendable Bikes","39","4781 Highway 95","","Sandpoint","Idaho","US","United States","83864","1974"
"399","588-555-0128","Warehouse","Big Cycle Mall","89","9500b E. Central Texas Expressway","","Killeen","Texas","US","United States","76541","1980"
"400","632-555-0171","Value Added Reseller","Local Sales and Rental","2","1200 First Ave.","","Joliet","Illinois","US","United States","60433","1973"
"401","883-555-0177","Specialty Bike Shop","Brightwork Company","38","Belz Factory Outlet","","Las Vegas","Nevada","US","United States","89106","1979"
"402","640-555-0198","Warehouse","Pro Sporting Goods","90","Camarillo Athletic Stores","","Camarillo","California","US","United States","93010","1972"
"403","996-555-0196","Value Added Reseller","Affordable Sports Equipment","4","Lake Elisnor Place","","Lake Elsinore","California","US","United States","92530","1978"
"404","717-555-0131","Specialty Bike Shop","Activity Center","37","Factory Stores Of America","","Crossville","Tennessee","US","United States","38555","1971"
"405","813-555-0173","Warehouse","Sporting Goods and Bicycle Shop","91","Fort Henry Mall","","Kingsport","Tennessee","US","United States","37660","1977"
"406","570-555-0199","Value Added Reseller","The Commissary","6","Bureau 9900 825, Avenue Querbes","","Outremont","Quebec","CA","Canada","H1Y 2G5","1970"
"407","665-555-0198","Specialty Bike Shop","Workout Emporium","36","700 Bureau Road","","Montreal","Quebec","CA","Canada","H1Y 2H7","1976"
"408","519-555-0151","Warehouse","Odometers and Accessories Company","92","253711 Mayfield Place, Unit 150","","Richmond","British Columbia","CA","Canada","V6B 3P7","1987"
"409","1 (11) 500 555-0123","Value Added Reseller","Outdoor Toy Store","8","18, rue de l'Esplanade","","Aujan Mournede","Gers","FR","France","32300","1975"
"410","1 (11) 500 555-0139","Specialty Bike Shop","Pedaling Components","35","Conesweg 49","","Kiel","Saarland","DE","Germany","24044","1988"
"411","1 (11) 500 555-0142","Warehouse","Kids and Adults Cycle Shop","93","258 Berry Street","","North Sydney","New South Wales","AU","Australia","2055","1974"
"412","1 (11) 500 555-0181","Value Added Reseller","Leisure Clearing House","10","Unit 99a Battery Retail Pk","","Birmingham","England","GB","United Kingdom","B29 6SL","1970"
"413","752-555-0115","Specialty Bike Shop","Margie's Travel","34","Woodbury Commons","","Central Valley","New York","US","United States","10917","1972"
"414","727-555-0190","Warehouse","Grand Discount Store","94","Indiana Factory Shops","","Daleville","Indiana","US","United States","47334","1974"
"415","708-555-0169","Value Added Reseller","Imaginary Toys","12","4210 E Sprague Ave","","Spokane","Washington","US","United States","99202","1976"
"416","134-555-0182","Specialty Bike Shop","Impromptu Trips","33","Valley Mall","","Union Gap","Washington","US","United States","98903","1978"
"417","273-555-0181","Warehouse","Genuine Bike Shop","95","7760 N. Pan Am Expwy","","San Antonio","Texas","US","United States","78204","1980"
"418","223-555-0184","Value Added Reseller","Good Bike Shop","14","99433 S. Greenbay Rd.","","Racine","Wisconsin","US","United States","53182","1982"
"419","816-555-0118","Specialty Bike Shop","Exertion Activities Club","32","Norwalk Square","","Norwalk","California","US","United States","90650","1984"
"420","429-555-0145","Warehouse","Extreme Riding Supplies","96","Riverside","","Sherman Oaks","California","US","United States","91403","1986"
"421","448-555-0179","Value Added Reseller","Fitness Cycling","16","The Quad @ WestView","","Whittier","California","US","United States","90605","1988"
"422","762-555-0110","Specialty Bike Shop","Consolidated Sales","31","Carolina Factory Shops","","Gaffney","South Carolina","US","United States","29340","1990"
"423","334-555-0146","Warehouse","Bike Rims Company","97","Edgewater Mall","","Biloxi","Mississippi","US","United States","39530","1992"
"424","371-555-0143","Value Added Reseller","Bikes for Two","18","63 West Beaver Creek","","Richmond Hill","Ontario","CA","Canada","L4E 3M5","1994"
"425","910-555-0116","Specialty Bike Shop","Bikes for Kids and Adults","30","9900 Ronson Drive","","Etobicoke","Ontario","CA","Canada","M9W 3P3","1996"
"426","817-555-0114","Warehouse","Custom Accessories Company","98","251 Indell Lane","","Brampton","Ontario","CA","Canada","L6W 2T7","1998"
"427","1 (11) 500 555-0122","Value Added Reseller","Atypical Bike Company","20","7551, avenue Foch","","Paris","Seine (Paris)","FR","France","75010","2000"
"428","1 (11) 500 555-0112","Specialty Bike Shop","West Wind Distributors","29","Krînerweg 9249","","Hannover","Nordrhein-Westfalen","DE","Germany","30601","2001"
"429","1 (11) 500 555-0183","Warehouse","Unusual Bicycle Company","99","85 Egerton Street","","Silverwater","New South Wales","AU","Australia","2264","1999"
"430","1 (11) 500 555-0118","Value Added Reseller","Uttermost Bike Shop","19","Ellesfield Ave","","Bracknell","England","GB","United Kingdom","RG12 8TB","2000"
"431","583-555-0130","Specialty Bike Shop","Small Cycle Store","28","Horizon Outlet Center","","Holland","Michigan","US","United States","49423","1971"
"432","186-555-0135","Warehouse","Super Sports Store","100","Washington Square Ii","","Indianapolis","Indiana","US","United States","46204","1999"
"433","827-555-0143","Value Added Reseller","Thorough Parts and Repair Services","18","S Sound Ctr Suite 25300","","Lacey","Washington","US","United States","98503","1975"
"434","234-555-0112","Specialty Bike Shop","Road-Way Mart","27","Southgate Mall","","Missoula","Montana","US","United States","59801","1998"
"435","847-555-0151","Warehouse","Satin Finish Company","66","25220 Airline Road","","Corpus Christi","Texas","US","United States","78404","1979"
"436","145-555-0152","Value Added Reseller","Sheet Metal Manufacturing","17","25306 Harvey Rd.","","College Station","Texas","US","United States","77840","1997"
"437","148-555-0149","Value Added Reseller","Professional Cycle Store","2","Arcadia Crossing","","Phoenix","Arizona","US","United States","85004","1970"
"438","121-555-0157","Specialty Bike Shop","Remarkable Bike Store","10","Eastern Beltway Center","","Las Vegas","Nevada","US","United States","89106","1972"
"439","425-555-0158","Warehouse","Regional Manufacturing","40","Factory Stores/tucson","","Tucson","Arizona","US","United States","85701","1974"
"440","315-555-0166","Value Added Reseller","Hobby Store","5","Highland Lakes Shopping Ctr.","","Orlando","Florida","US","United States","32804","1976"
"441","500-555-0134","Specialty Bike Shop","Leading Bike Distributors","13","Grand Central Place","","Somerset","Kentucky","US","United States","42501","1978"
"442","185-555-0190","Warehouse","Original Bicycle Supply Company","43","2573 Dufferin Street","","Toronto","Ontario","CA","Canada","M4B 1V5","1980"
"443","476-555-0184","Value Added Reseller","Courteous Bicycle Specialists","8","995 Crescent","","Richmond Hill","Ontario","CA","Canada","L4E 3M5","1982"
"444","396-555-0187","Specialty Bike Shop","Finer Cycle Shop","16","2500-622 5th Ave Sw","","Calgary","Alberta","CA","Canada","T2P 2G8","1984"
"445","1 (11) 500 555-0130","Warehouse","First Center","46","22, rue Lafayette","","Pantin","Seine Saint Denis","FR","France","93500","1986"
"446","1 (11) 500 555-0115","Value Added Reseller","Fitness Toys","11","Auf Der Steige 1000","","Berlin","Hamburg","DE","Germany","14111","1988"
"447","1 (11) 500 555-0113","Specialty Bike Shop","Cross-town Parts Shop","19","Po Box 25484","","Springwood","New South Wales","AU","Australia","2777","1990"
"448","1 (11) 500 555-0176","Warehouse","Action Bicycle Specialists","49","Warrington Ldc Unit 25/2","","Woolston","England","GB","United Kingdom","WA1 4SY","1992"
"449","881-555-0139","Value Added Reseller","Bike Products and Accessories","14","Regency Hilltop Shopping Cntr","","Virginia Beach","Virginia","US","United States","23451","1994"
"450","115-555-0170","Specialty Bike Shop","Bikes Anyone?","22","Ames Plaza","","Saugus","Massachusetts","US","United States","01906","1996"
"451","691-555-0149","Warehouse","Roadway Bike Emporium","52","Medford","","Medford","Oregon","US","United States","97504","1998"
"452","398-555-0167","Value Added Reseller","A Cycle Shop","17","Heritage Mall","","Albany","Oregon","US","United States","97321","2000"
"453","672-555-0112","Specialty Bike Shop","Unique Bikes","25","3900 S. 997th St.","","Milwaukee","Wisconsin","US","United States","53202","2001"
"454","834-555-0132","Warehouse","Sleek Bikes","55","44025 W. Empire","","Denby","South Dakota","US","United States","57716","1999"
"455","740-555-0159","Value Added Reseller","Timely Shipping Service","20","Viejas Outlet Center","","Alpine","California","US","United States","91901","2000"
"456","912-555-0149","Specialty Bike Shop","Riding Excursions","28","West Park Plaza","","Irvine","California","US","United States","92614","1971"
"457","962-555-0112","Warehouse","Retail Sporting Equipment","58","Factory Stores Of America","","Mesa","Arizona","US","United States","85201","1999"
"458","317-555-0163","Value Added Reseller","Simple Bike Parts","19","Silver Sands Factory Outlet","","Destin","Florida","US","United States","32541","1975"
"459","653-555-0170","Specialty Bike Shop","Parts Shop","31","West Georgia Commons","","La Grange","Georgia","US","United States","30240","1998"
"460","753-555-0179","Warehouse","Price-Cutter Discount Bikes","61","6700 Boul Taschereau","","Brossard","Quebec","CA","Canada","J4Z 1C5","1979"
"461","907-555-0170","Value Added Reseller","Active Life Toys","18","55 Standish Court","","Mississauga","Ontario","CA","Canada","L5B 3V4","1997"
"462","962-555-0175","Specialty Bike Shop","General Riding Supplies","34","43251 Viking Way, Unit 130","","Richmond","British Columbia","CA","Canada","V6B 3P7","1983"
"463","1 (11) 500 555-0123","Warehouse","Brand New Bikes","64","215, avenue Reille","","Les Ulis","Essonne","FR","France","91940","1996"
"464","1 (11) 500 555-0147","Value Added Reseller","Educational Services","17","Wallstr 244","","Saarbr¸cken","Saarland","DE","Germany","66001","1987"
"465","1 (11) 500 555-0137","Specialty Bike Shop","Expert Cycle Store","37","Orwith Center","39 Herbert Street","St. Leonards","New South Wales","AU","Australia","2065","1995"
"466","1 (11) 500 555-0136","Warehouse","Central Bicycle Specialists","67","6 The Farm, Liberty Road","","Maidenhead","England","GB","United Kingdom","SL67RJ","1991"
"467","505-555-0145","Value Added Reseller","The Cycle Store","16","The Corner Shopping Center","","Falls Church","Virginia","US","United States","22046","1994"
"468","492-555-0146","Specialty Bike Shop","Blue Bicycle Company","40","Horizon Outlet Center","","Monroe","Michigan","US","United States","98272","1995"
"469","554-555-0124","Warehouse","Vast Bike Sales and Rental","70","Lewis County Mall","","Chehalis","Washington","US","United States","98532","1993"
"470","328-555-0192","Value Added Reseller","Wingtip Toys","15","755 Columbia Ctr Blvd","","Kennewick","Washington","US","United States","99337","1999"
"471","596-555-0153","Specialty Bike Shop","Social Activities Club","43","23025 S.W. Military Rd.","","San Antonio","Texas","US","United States","78204","1992"
"472","252-555-0127","Warehouse","Summer Sports Place","73","Ring Plaza","","Norridge","Illinois","US","United States","60706","1998"
"473","731-555-0187","Value Added Reseller","Racing Toys","14","Prime Outlets","","Phoenix","Arizona","US","United States","85004","1991"
"474","777-555-0163","Specialty Bike Shop","Retail Cycle Shop","46","Bayshore Mall","","Eureka","California","US","United States","95501","1997"
"475","581-555-0172","Warehouse","Real Sporting Goods","76","7709 West Virginia Avenue","","Phoenix","Arizona","US","United States","85004","1990"
"476","165-555-0172","Value Added Reseller","Noiseless Gear Company","13","Peachtree Mall","","Columbus","Georgia","US","United States","31901","1996"
"477","991-555-0148","Specialty Bike Shop","Quitting Business Distributors","49","University Plaza","","Tampa","Florida","US","United States","33602","1989"
"478","512-555-0122","Warehouse","Major Cycling","79","46990 Viking Way","","Richmond","British Columbia","CA","Canada","V6B 3P7","1995"
"479","765-555-0141","Value Added Reseller","General Supplies","12","9693 Louis H Lafontaine","","Ville De'anjou","Quebec","CA","Canada","J1G 2R3","1988"
"480","994-555-0194","Specialty Bike Shop","General Bike Corporation","48","69251 Creditview Road","","Mississauga","Ontario","CA","Canada","L5B 3V4","1994"
"481","1 (11) 500 555-0149","Warehouse","Getaway Inn","80","54, avenue des Ternes","","Saint Ouen","Loir et Cher","FR","France","41100","1987"
"482","1 (11) 500 555-0186","Value Added Reseller","Fabrikam Inc., East","11","Ro·str 9938","Verkaufsabteilung","Eilenburg","Brandenburg","DE","Germany","04838","1993"
"483","1 (11) 500 555-0123","Specialty Bike Shop","Fitness Bike Accessories","47","Level 7","114 Albert Road","Rhodes","New South Wales","AU","Australia","2138","1986"
"484","1 (11) 500 555-0199","Warehouse","Downhill Bicycle Specialists","81","725a The Arches","","Berks","England","GB","United Kingdom","SL4 1RH","1992"
"485","107-555-0138","Value Added Reseller","Clamps & Brackets Co.","10","Leesburg Premium Outlet Centre","","Leesburg","Virginia","US","United States","20176","1985"
"486","721-555-0163","Specialty Bike Shop","Convenient Bike Shop","46","Tree Plaza","","Braintree","Massachusetts","US","United States","02184","1991"
"487","924-555-0195","Warehouse","Bike Experts","82","Lancaster Mall","","Salem","Oregon","US","United States","97301","1984"
"488","959-555-0151","Value Added Reseller","Bicycle Accessories and Kits","9","Lewiston Mall","","Lewiston","Idaho","US","United States","83501","1990"
"489","191-555-0198","Specialty Bike Shop","Cash & Carry Bikes","45","Lakeline Mall","","Cedar Park","Texas","US","United States","78613","1983"
"490","306-555-0112","Warehouse","Extraordinary Bike Works","83","Town East Center","","Mesquite","Texas","US","United States","75149","1989"
"491","991-555-0183","Value Added Reseller","Area Bike Accessories","8","6900 Sisk Road","","Modesto","California","US","United States","95354","1982"
"492","768-555-0125","Specialty Bike Shop","Basic Sports Equipment","44","3250 Baldwin Park Blvd","","Baldwin Park","California","US","United States","91706","1988"
"493","323-555-0113","Warehouse","Valley Bicycle Distributors","84","5867 Sunrise Boulevard","","Citrus Heights","California","US","United States","95610","1981"
"494","197-555-0143","Value Added Reseller","Worthwhile Activity Store","7","Flagler Park Plaza","","Miami","Florida","US","United States","33127","1987"
"495","395-555-0128","Specialty Bike Shop","Tough and Reliable Parts","43","Market Square Shopping Center","","Lakeland","Florida","US","United States","33801","1980"
"496","613-555-0116","Warehouse","Top Sports Supply","85","251420a 170th Street","","Edmonton","Alberta","CA","Canada","T5","1986"
"497","727-555-0115","Value Added Reseller","Valley Toy Store","6","252851 Rowan Place","","Richmond","British Columbia","CA","Canada","V6B 3P7","1979"
"498","272-555-0123","Specialty Bike Shop","Quick Delivery Service","42","5990 Avebury Road","","Mississauga","Ontario","CA","Canada","L5B 3V4","1985"
"499","1 (11) 500 555-0122","Warehouse","Racing Sales and Service","86","510, avenue de Villiers","","Orleans","Loiret","FR","France","45000","1978"
"500","1 (11) 500 555-0150","Value Added Reseller","Irregulars Outlet","5","Pappelallee 19","","Dresden","Hessen","DE","Germany","01071","1984"
